Domain,MX,spf,Company,Phone,Address,City,State,Zip
redneck.com,0,,Bubbas Lone Star Propane And Gas Co,+1.512.392.9999,4222 Fm 621,San Marcos,TX,78666-1631
charcoal.com,0,,Charcoal,+1.512.494.9200,2600 Via Fortuna,Austin,TX,78746-7990
feedstore.com,0,,Feed Store,+1.512.863.5420,704 W University Ave,Georgetown,TX,78626-6606
lambs.com,0,,Lambs Tire,+1.512.930.2025,3021 Williams Dr,Georgetown,TX,78628-2779
socialware.com,152.185,,Socialware,+1.512.329.8880,1001 S Capital Of Texas Hwy Ste l250,Austin,TX,78746-6585
waynegibson.com,169.92,,Keller Williams Realty,+1.512.448.4111,1801 S Mo Pac Expy Ste 100,Austin,TX,78746-7546
balex.com,199.5,,Balex Corp,+1.512.252.2224,13309 Kirkglen Dr,Austin,TX,78727-3302
1105.com,1105.com,,Metzger Enterprises Llc,+1.512.416.0770,2210 Iva Ln,Austin,TX,78704-4912
shadowglengolf.com,1-2-1marketing.com,,ShadowGlen Golf Course,+1.512.278.1304,12801 Lexington St,Manor,TX,78653-3333
